{"precision": 0.14697, "recall": 0.12367, "acc_0": 0.14857, "acc_1": 0.41279, "acc_2": 0.62009, "MAE": 2.33993, "MSE": 8.8219, "pairs": 0.55154, "r2": -0.28658}