{"precision": 0.12572, "recall": 0.10015, "acc_0": 0.1302, "acc_1": 0.39325, "acc_2": 0.61252, "MAE": 2.18986, "MSE": 6.94104, "pairs": 0.52441, "r2": -0.0121}