{"precision": 0.22185, "recall": 0.11098, "acc_0": 0.16422, "acc_1": 0.42079, "acc_2": 0.59819, "MAE": 2.36934, "MSE": 9.32539, "pairs": 0.56239, "r2": -0.36001}