{"precision": 0.1685, "recall": 0.11415, "acc_0": 0.14427, "acc_1": 0.41818, "acc_2": 0.63402, "MAE": 2.11186, "MSE": 6.64345, "pairs": 0.5642, "r2": 0.03129}