{"precision": 0.17327, "recall": 0.10321, "acc_0": 0.12218, "acc_1": 0.37917, "acc_2": 0.61365, "MAE": 2.16741, "MSE": 6.62653, "pairs": 0.54973, "r2": 0.03387}