{"precision": 0.12619, "recall": 0.11733, "acc_0": 0.14563, "acc_1": 0.39566, "acc_2": 0.57826, "MAE": 2.49132, "MSE": 10.17259, "pairs": 0.56058, "r2": -0.48356}