{"precision": 0.14111, "recall": 0.11331, "acc_0": 0.14366, "acc_1": 0.41524, "acc_2": 0.62706, "MAE": 2.11967, "MSE": 6.6409, "pairs": 0.5443, "r2": 0.03166}