{"precision": 0.16686, "recall": 0.12002, "acc_0": 0.1365, "acc_1": 0.39658, "acc_2": 0.61981, "MAE": 2.2365, "MSE": 7.58823, "pairs": 0.58047, "r2": -0.10666}