{"precision": 0.06338, "recall": 0.10582, "acc_0": 0.16533, "acc_1": 0.42419, "acc_2": 0.59976, "MAE": 2.31544, "MSE": 8.81365, "pairs": 0.54792, "r2": -0.28538}