{"precision": 0.05723, "recall": 0.10176, "acc_0": 0.12102, "acc_1": 0.36994, "acc_2": 0.60488, "MAE": 2.20546, "MSE": 6.77561, "pairs": 0.53707, "r2": 0.01186}