{"precision": 0.15239, "recall": 0.1079, "acc_0": 0.12874, "acc_1": 0.39057, "acc_2": 0.62262, "MAE": 2.13306, "MSE": 6.4941, "pairs": 0.57143, "r2": 0.05307}