{"precision": 0.10579, "recall": 0.10584, "acc_0": 0.11331, "acc_1": 0.32292, "acc_2": 0.5002, "MAE": 2.90668, "MSE": 13.14529, "pairs": 0.50271, "r2": -0.91678}