{"precision": 0.10359, "recall": 0.10362, "acc_0": 0.11112, "acc_1": 0.31311, "acc_2": 0.49061, "MAE": 2.96586, "MSE": 13.61028, "pairs": 0.53526, "r2": -0.98434}