{"precision": 0.08991, "recall": 0.09752, "acc_0": 0.09534, "acc_1": 0.28756, "acc_2": 0.4744, "MAE": 2.77526, "MSE": 10.99762, "pairs": 0.46835, "r2": -0.31781}