{"precision": 0.105, "recall": 0.10507, "acc_0": 0.11248, "acc_1": 0.32194, "acc_2": 0.49853, "MAE": 2.92889, "MSE": 13.36365, "pairs": 0.56239, "r2": -0.94862}