{"precision": 0.12191, "recall": 0.11229, "acc_0": 0.1254, "acc_1": 0.35318, "acc_2": 0.54829, "MAE": 2.77361, "MSE": 12.25858, "pairs": 0.52803, "r2": -0.78778}