{"precision": 0.15842, "recall": 0.10319, "acc_0": 0.12299, "acc_1": 0.38114, "acc_2": 0.61425, "MAE": 2.16569, "MSE": 6.63051, "pairs": 0.55154, "r2": 0.03329}