{"precision": 0.06733, "recall": 0.10815, "acc_0": 0.12847, "acc_1": 0.38786, "acc_2": 0.61993, "MAE": 2.13939, "MSE": 6.52413, "pairs": 0.53165, "r2": 0.04869}