{"precision": 0.12614, "recall": 0.12808, "acc_0": 0.14625, "acc_1": 0.37522, "acc_2": 0.54721, "MAE": 2.71223, "MSE": 12.26693, "pairs": 0.53165, "r2": -0.789}