{"precision": 0.04826, "recall": 0.10005, "acc_0": 0.13004, "acc_1": 0.39307, "acc_2": 0.61221, "MAE": 2.1906, "MSE": 6.94332, "pairs": 0.52441, "r2": -0.01232}