{"precision": 0.06596, "recall": 0.10745, "acc_0": 0.16554, "acc_1": 0.42757, "acc_2": 0.60166, "MAE": 2.32081, "MSE": 8.88936, "pairs": 0.53345, "r2": -0.29642}