{"precision": 0.14972, "recall": 0.12229, "acc_0": 0.13647, "acc_1": 0.38849, "acc_2": 0.59128, "MAE": 2.34562, "MSE": 8.64016, "pairs": 0.52441, "r2": -0.26007}