{"precision": 0.1458, "recall": 0.12237, "acc_0": 0.13048, "acc_1": 0.38322, "acc_2": 0.59334, "MAE": 2.35496, "MSE": 8.65681, "pairs": 0.58409, "r2": -0.2625}