{"precision": 0.10975, "recall": 0.11136, "acc_0": 0.14991, "acc_1": 0.41423, "acc_2": 0.62855, "MAE": 2.1508, "MSE": 7.03076, "pairs": 0.61664, "r2": -0.02536}