{"precision": 0.13205, "recall": 0.10622, "acc_0": 0.12311, "acc_1": 0.37781, "acc_2": 0.61669, "MAE": 2.1698, "MSE": 6.65872, "pairs": 0.50995, "r2": 0.0289}