{"precision": 0.02424, "recall": 0.10312, "acc_0": 0.12787, "acc_1": 0.38969, "acc_2": 0.61789, "MAE": 2.16583, "MSE": 6.69477, "pairs": 0.52622, "r2": 0.02364}