{"precision": 0.20498, "recall": 0.1079, "acc_0": 0.12877, "acc_1": 0.39059, "acc_2": 0.62194, "MAE": 2.13251, "MSE": 6.49015, "pairs": 0.57324, "r2": 0.05364}