{"precision": 0.1729, "recall": 0.12169, "acc_0": 0.1371, "acc_1": 0.40079, "acc_2": 0.61972, "MAE": 2.20894, "MSE": 7.37023, "pairs": 0.61302, "r2": -0.07487}