{"precision": 0.07828, "recall": 0.10743, "acc_0": 0.13319, "acc_1": 0.39986, "acc_2": 0.61865, "MAE": 2.14929, "MSE": 6.69422, "pairs": 0.48282, "r2": 0.02388}